"import_time","rootname","fluxul","detectionid","label","l","b","ella","ellb","fluxerr","flux","sqrtts","spectralindex","spectralindexerr","tstart","tstop","emin","emax","run_l","run_b"
1539852352.7411957,"/data01/ANALYSIS3.local/ASTRI/DREVT3_ASTRI_O1/ctools-lc_LC-from-start/T442800000_442800010/T442800000_442800010_E0.631_350_P184.557449_-5.78436",NULL,42630,"Crab-1",184.557,-5.7843,-1,-1,19061994.9248742,0.0000001,0,4.40732,121454000000000,442800000,442800010,0.631,350,184.557449,-5.78436
1539852367.9418802,"/data01/ANALYSIS3.local/ASTRI/DREVT3_ASTRI_O1/ctools-lc_LC-from-start/T442800000_442800030/T442800000_442800030_E0.631_350_P184.557449_-5.78436",NULL,42631,"Crab-1",184.557,-5.7843,-1,-1,0.0275682318967894,0.0000001,0,0,39935.6,442800000,442800030,0.631,350,184.557449,-5.78436
1539852395.2321699,"/data01/ANALYSIS3.local/ASTRI/DREVT3_ASTRI_O1/ctools-lc_LC-from-start/T442800000_442800060/T442800000_442800060_E0.631_350_P184.557449_-5.78436",NULL,42634,"Crab-1",184.557,-5.7843,-1,-1,3137.94569515991,0.0000001,0,5,23681400000,442800000,442800060,0.631,350,184.557449,-5.78436
1539852386.1305726,"/data01/ANALYSIS3.local/ASTRI/DREVT3_ASTRI_O1/ctools-lc_LC-from-start/T442800000_442800070/T442800000_442800070_E0.631_350_P184.557449_-5.78436",NULL,42632,"Crab-1",184.557,-5.7843,-1,-1,3076.26876315121,0.0000001,0,5,23306000000,442800000,442800070,0.631,350,184.557449,-5.78436
1539852392.160622,"/data01/ANALYSIS3.local/ASTRI/DREVT3_ASTRI_O1/ctools-lc_LC-from-start/T442800000_442800080/T442800000_442800080_E0.631_350_P184.557449_-5.78436",NULL,42633,"Crab-1",184.557,-5.7843,-1,-1,2882.05498147248,0.0000001,0,5,20601200000,442800000,442800080,0.631,350,184.557449,-5.78436
1539852398.3655996,"/data01/ANALYSIS3.local/ASTRI/DREVT3_ASTRI_O1/ctools-lc_LC-from-start/T442800000_442800090/T442800000_442800090_E0.631_350_P184.557449_-5.78436",NULL,42635,"Crab-1",184.557,-5.7843,-1,-1,3229.59904392759,0.0000001,0,5,22741300000,442800000,442800090,0.631,350,184.557449,-5.78436
1539852404.6109405,"/data01/ANALYSIS3.local/ASTRI/DREVT3_ASTRI_O1/ctools-lc_LC-from-start/T442800000_442800110/T442800000_442800110_E0.631_350_P184.557449_-5.78436",NULL,42636,"Crab-1",184.557,-5.7843,-1,-1,2848.53415178821,0.0000001,0,5,20386400000,442800000,442800110,0.631,350,184.557449,-5.78436
1539852406.460557,"/data01/ANALYSIS3.local/ASTRI/DREVT3_ASTRI_O1/ctools-lc_LC-from-start/T442800000_442800120/T442800000_442800120_E0.631_350_P184.557449_-5.78436",NULL,42637,"Crab-1",184.557,-5.7843,-1,-1,2700.03578406064,0.0000001,0,5,16993800000,442800000,442800120,0.631,350,184.557449,-5.78436
1539852409.3506,"/data01/ANALYSIS3.local/ASTRI/DREVT3_ASTRI_O1/ctools-lc_LC-from-start/T442800000_442800130/T442800000_442800130_E0.631_350_P184.557449_-5.78436",NULL,42638,"Crab-1",184.557,-5.7843,-1,-1,1183.34338927111,0.0000001,0,5,12250100000,442800000,442800130,0.631,350,184.557449,-5.78436
1539852412.62876,"/data01/ANALYSIS3.local/ASTRI/DREVT3_ASTRI_O1/ctools-lc_LC-from-start/T442800000_442800140/T442800000_442800140_E0.631_350_P184.557449_-5.78436",NULL,42639,"Crab-1",184.557,-5.7843,-1,-1,1097.20506639861,0.0000001,0,5,11310400000,442800000,442800140,0.631,350,184.557449,-5.78436
1539852422.1806011,"/data01/ANALYSIS3.local/ASTRI/DREVT3_ASTRI_O1/ctools-lc_LC-from-start/T442800000_442800150/T442800000_442800150_E0.631_350_P184.557449_-5.78436",NULL,42640,"Crab-1",184.557,-5.7843,-1,-1,983.649554476534,0.0000001,0,5,10059900000,442800000,442800150,0.631,350,184.557449,-5.78436
1539852427.5931072,"/data01/ANALYSIS3.local/ASTRI/DREVT3_ASTRI_O1/ctools-lc_LC-from-start/T442800000_442800160/T442800000_442800160_E0.631_350_P184.557449_-5.78436",NULL,42641,"Crab-1",184.557,-5.7843,-1,-1,950.875880212675,0.0000001,0,5,9669710000,442800000,442800160,0.631,350,184.557449,-5.78436
1539852433.666747,"/data01/ANALYSIS3.local/ASTRI/DREVT3_ASTRI_O1/ctools-lc_LC-from-start/T442800000_442800170/T442800000_442800170_E0.631_350_P184.557449_-5.78436",NULL,42642,"Crab-1",184.557,-5.7843,-1,-1,741.010588066849,0.0000001,0,5,6999690000,442800000,442800170,0.631,350,184.557449,-5.78436
1539852452.5537853,"/data01/ANALYSIS3.local/ASTRI/DREVT3_ASTRI_O1/ctools-lc_LC-from-start/T442800000_442800200/T442800000_442800200_E0.631_350_P184.557449_-5.78436",NULL,42643,"Crab-1",184.557,-5.7843,-1,-1,711.291246327366,0.0000001,0,5,6722730000,442800000,442800200,0.631,350,184.557449,-5.78436
1539852459.6375568,"/data01/ANALYSIS3.local/ASTRI/DREVT3_ASTRI_O1/ctools-lc_LC-from-start/T442800000_442800210/T442800000_442800210_E0.631_350_P184.557449_-5.78436",NULL,42644,"Crab-1",184.557,-5.7843,-1,-1,679.288218718928,0.0000001,0,5,6405540000,442800000,442800210,0.631,350,184.557449,-5.78436
1539852472.67889,"/data01/ANALYSIS3.local/ASTRI/DREVT3_ASTRI_O1/ctools-lc_LC-from-start/T442800000_442800230/T442800000_442800230_E0.631_350_P184.557449_-5.78436",NULL,42645,"Crab-1",184.557,-5.7843,-1,-1,688.079254333112,0.0000001,0,5,6477570000,442800000,442800230,0.631,350,184.557449,-5.78436
1539852478.1093726,"/data01/ANALYSIS3.local/ASTRI/DREVT3_ASTRI_O1/ctools-lc_LC-from-start/T442800000_442800240/T442800000_442800240_E0.631_350_P184.557449_-5.78436",NULL,42646,"Crab-1",184.557,-5.7843,-1,-1,638.71830052943,0.0000001,0,5,6101160000,442800000,442800240,0.631,350,184.557449,-5.78436
1539852484.6800525,"/data01/ANALYSIS3.local/ASTRI/DREVT3_ASTRI_O1/ctools-lc_LC-from-start/T442800000_442800250/T442800000_442800250_E0.631_350_P184.557449_-5.78436",NULL,42647,"Crab-1",184.557,-5.7843,-1,-1,538.549613856643,0.0000001,0,5,4577990000,442800000,442800250,0.631,350,184.557449,-5.78436
1539852490.319122,"/data01/ANALYSIS3.local/ASTRI/DREVT3_ASTRI_O1/ctools-lc_LC-from-start/T442800000_442800260/T442800000_442800260_E0.631_350_P184.557449_-5.78436",NULL,42648,"Crab-1",184.557,-5.7843,-1,-1,537.952965021895,0.0000001,0,5,4568080000,442800000,442800260,0.631,350,184.557449,-5.78436
1539852497.1809425,"/data01/ANALYSIS3.local/ASTRI/DREVT3_ASTRI_O1/ctools-lc_LC-from-start/T442800000_442800270/T442800000_442800270_E0.631_350_P184.557449_-5.78436",NULL,42649,"Crab-1",184.557,-5.7843,-1,-1,536.213784870169,0.0000001,0,5,4554510000,442800000,442800270,0.631,350,184.557449,-5.78436
1539852508.977948,"/data01/ANALYSIS3.local/ASTRI/DREVT3_ASTRI_O1/ctools-lc_LC-from-start/T442800000_442800300/T442800000_442800300_E0.631_350_P184.557449_-5.78436",NULL,42650,"Crab-1",184.557,-5.7843,-1,-1,483.891478269802,0.0000001,0,5,3942610000,442800000,442800300,0.631,350,184.557449,-5.78436
1539852526.468385,"/data01/ANALYSIS3.local/ASTRI/DREVT3_ASTRI_O1/ctools-lc_LC-from-start/T442800000_442800330/T442800000_442800330_E0.631_350_P184.557449_-5.78436",NULL,42651,"Crab-1",184.557,-5.7843,-1,-1,503.583186685882,0.0000001,0,5,4098690000,442800000,442800330,0.631,350,184.557449,-5.78436
1539852544.75732,"/data01/ANALYSIS3.local/ASTRI/DREVT3_ASTRI_O1/ctools-lc_LC-from-start/T442800000_442800360/T442800000_442800360_E0.631_350_P184.557449_-5.78436",NULL,42652,"Crab-1",184.557,-5.7843,-1,-1,508.372065702558,0.0000001,0,5,4134350000,442800000,442800360,0.631,350,184.557449,-5.78436
1539852556.654428,"/data01/ANALYSIS3.local/ASTRI/DREVT3_ASTRI_O1/ctools-lc_LC-from-start/T442800000_442800380/T442800000_442800380_E0.631_350_P184.557449_-5.78436",NULL,42653,"Crab-1",184.557,-5.7843,-1,-1,193.263502792848,0.0000001,0,4.27026,1488650000,442800000,442800380,0.631,350,184.557449,-5.78436
1539852562.472586,"/data01/ANALYSIS3.local/ASTRI/DREVT3_ASTRI_O1/ctools-lc_LC-from-start/T442800000_442800390/T442800000_442800390_E0.631_350_P184.557449_-5.78436",NULL,42654,"Crab-1",184.557,-5.7843,-1,-1,498.554108417417,0.0000001,0,5,4040000000,442800000,442800390,0.631,350,184.557449,-5.78436
1539852568.2490005,"/data01/ANALYSIS3.local/ASTRI/DREVT3_ASTRI_O1/ctools-lc_LC-from-start/T442800000_442800400/T442800000_442800400_E0.631_350_P184.557449_-5.78436",NULL,42655,"Crab-1",184.557,-5.7843,-1,-1,80.3843396004832,0.0000001,0,4.22722,739153000,442800000,442800400,0.631,350,184.557449,-5.78436
1539852574.929992,"/data01/ANALYSIS3.local/ASTRI/DREVT3_ASTRI_O1/ctools-lc_LC-from-start/T442800000_442800410/T442800000_442800410_E0.631_350_P184.557449_-5.78436",NULL,42656,"Crab-1",184.557,-5.7843,-1,-1,82.1085572565494,0.0000001,0,4.25552,757289000,442800000,442800410,0.631,350,184.557449,-5.78436
1539852581.0696905,"/data01/ANALYSIS3.local/ASTRI/DREVT3_ASTRI_O1/ctools-lc_LC-from-start/T442800000_442800420/T442800000_442800420_E0.631_350_P184.557449_-5.78436",NULL,42657,"Crab-1",184.557,-5.7843,-1,-1,179.82308885592,13.3969,0.308221,5,14.7796,442800000,442800420,0.631,350,184.557449,-5.78436
1539852586.6648364,"/data01/ANALYSIS3.local/ASTRI/DREVT3_ASTRI_O1/ctools-lc_LC-from-start/T442800000_442800430/T442800000_442800430_E0.631_350_P184.557449_-5.78436",NULL,42658,"Crab-1",184.557,-5.7843,-1,-1,175.963946370365,9.47806,0.221359,5,20.5758,442800000,442800430,0.631,350,184.557449,-5.78436
1539852591.8730698,"/data01/ANALYSIS3.local/ASTRI/DREVT3_ASTRI_O1/ctools-lc_LC-from-start/T442800000_442800440/T442800000_442800440_E0.631_350_P184.557449_-5.78436",NULL,42659,"Crab-1",184.557,-5.7843,-1,-1,227.209149590589,47.0308,0.485798,5,5.04266,442800000,442800440,0.631,350,184.557449,-5.78436
1539852599.1015444,"/data01/ANALYSIS3.local/ASTRI/DREVT3_ASTRI_O1/ctools-lc_LC-from-start/T442800000_442800450/T442800000_442800450_E0.631_350_P184.557449_-5.78436",NULL,42660,"Crab-1",184.557,-5.7843,-1,-1,195.044779438883,24.5437,0.570964,5,8.53473,442800000,442800450,0.631,350,184.557449,-5.78436
1539852605.5279021,"/data01/ANALYSIS3.local/ASTRI/DREVT3_ASTRI_O1/ctools-lc_LC-from-start/T442800000_442800460/T442800000_442800460_E0.631_350_P184.557449_-5.78436",NULL,42661,"Crab-1",184.557,-5.7843,-1,-1,190.85574580668,23.5567,0.561249,5,8.71727,442800000,442800460,0.631,350,184.557449,-5.78436
1539852611.3243148,"/data01/ANALYSIS3.local/ASTRI/DREVT3_ASTRI_O1/ctools-lc_LC-from-start/T442800000_442800470/T442800000_442800470_E0.631_350_P184.557449_-5.78436",NULL,42662,"Crab-1",184.557,-5.7843,-1,-1,186.653917203881,21.8046,0.531037,5,9.23443,442800000,442800470,0.631,350,184.557449,-5.78436
1539852616.8966331,"/data01/ANALYSIS3.local/ASTRI/DREVT3_ASTRI_O1/ctools-lc_LC-from-start/T442800000_442800480/T442800000_442800480_E0.631_350_P184.557449_-5.78436",NULL,42663,"Crab-1",184.557,-5.7843,-1,-1,191.06212117685,26.1453,0.629285,5,7.84458,442800000,442800480,0.631,350,184.557449,-5.78436
1539852623.612343,"/data01/ANALYSIS3.local/ASTRI/DREVT3_ASTRI_O1/ctools-lc_LC-from-start/T442800000_442800490/T442800000_442800490_E0.631_350_P184.557449_-5.78436",NULL,42664,"Crab-1",184.557,-5.7843,-1,-1,187.083151289295,24.1339,0.593296,5,8.34511,442800000,442800490,0.631,350,184.557449,-5.78436
1539852629.3386543,"/data01/ANALYSIS3.local/ASTRI/DREVT3_ASTRI_O1/ctools-lc_LC-from-start/T442800000_442800500/T442800000_442800500_E0.631_350_P184.557449_-5.78436",NULL,42665,"Crab-1",184.557,-5.7843,-1,-1,182.778522335465,19.9051,0.497996,5,9.94518,442800000,442800500,0.631,350,184.557449,-5.78436
1539852635.6188166,"/data01/ANALYSIS3.local/ASTRI/DREVT3_ASTRI_O1/ctools-lc_LC-from-start/T442800000_442800510/T442800000_442800510_E0.631_350_P184.557449_-5.78436",NULL,42666,"Crab-1",184.557,-5.7843,-1,-1,179.230720041726,17.5171,0.446094,5,11.119,442800000,442800510,0.631,350,184.557449,-5.78436
1539852641.7302334,"/data01/ANALYSIS3.local/ASTRI/DREVT3_ASTRI_O1/ctools-lc_LC-from-start/T442800000_442800520/T442800000_442800520_E0.631_350_P184.557449_-5.78436",NULL,42667,"Crab-1",184.557,-5.7843,-1,-1,173.444683019038,18.794,0.475395,5,9.91394,442800000,442800520,0.631,350,184.557449,-5.78436
1539852647.9371839,"/data01/ANALYSIS3.local/ASTRI/DREVT3_ASTRI_O1/ctools-lc_LC-from-start/T442800000_442800530/T442800000_442800530_E0.631_350_P184.557449_-5.78436",NULL,42668,"Crab-1",184.557,-5.7843,-1,-1,169.921624990928,16.1205,0.415933,5,11.3725,442800000,442800530,0.631,350,184.557449,-5.78436
1539852653.194744,"/data01/ANALYSIS3.local/ASTRI/DREVT3_ASTRI_O1/ctools-lc_LC-from-start/T442800000_442800540/T442800000_442800540_E0.631_350_P184.557449_-5.78436",NULL,42669,"Crab-1",184.557,-5.7843,-1,-1,166.609291122029,13.8762,0.364692,5,13.006,442800000,442800540,0.631,350,184.557449,-5.78436
1539852658.9683242,"/data01/ANALYSIS3.local/ASTRI/DREVT3_ASTRI_O1/ctools-lc_LC-from-start/T442800000_442800550/T442800000_442800550_E0.631_350_P184.557449_-5.78436",NULL,42670,"Crab-1",184.557,-5.7843,-1,-1,165.419568179203,13.617,0.360555,5,13.1615,442800000,442800550,0.631,350,184.557449,-5.78436
1539852665.218239,"/data01/ANALYSIS3.local/ASTRI/DREVT3_ASTRI_O1/ctools-lc_LC-from-start/T442800000_442800560/T442800000_442800560_E0.631_350_P184.557449_-5.78436",NULL,42671,"Crab-1",184.557,-5.7843,-1,-1,163.100714384421,12.428,0.331662,5,14.2369,442800000,442800560,0.631,350,184.557449,-5.78436
1539852670.7775848,"/data01/ANALYSIS3.local/ASTRI/DREVT3_ASTRI_O1/ctools-lc_LC-from-start/T442800000_442800570/T442800000_442800570_E0.631_350_P184.557449_-5.78436",NULL,42672,"Crab-1",184.557,-5.7843,-1,-1,160.14850919573,11.3508,0.308221,5,15.3337,442800000,442800570,0.631,350,184.557449,-5.78436
1539852677.4149256,"/data01/ANALYSIS3.local/ASTRI/DREVT3_ASTRI_O1/ctools-lc_LC-from-start/T442800000_442800580/T442800000_442800580_E0.631_350_P184.557449_-5.78436",NULL,42673,"Crab-1",184.557,-5.7843,-1,-1,157.272446828418,9.6427,0.266458,5,17.791,442800000,442800580,0.631,350,184.557449,-5.78436
1539852683.4362738,"/data01/ANALYSIS3.local/ASTRI/DREVT3_ASTRI_O1/ctools-lc_LC-from-start/T442800000_442800590/T442800000_442800590_E0.631_350_P184.557449_-5.78436",NULL,42674,"Crab-1",184.557,-5.7843,-1,-1,155.628168324713,8.16685,0.228035,5,20.8416,442800000,442800590,0.631,350,184.557449,-5.78436
1539852689.7924778,"/data01/ANALYSIS3.local/ASTRI/DREVT3_ASTRI_O1/ctools-lc_LC-from-start/T442800000_442800600/T442800000_442800600_E0.631_350_P184.557449_-5.78436",NULL,42675,"Crab-1",184.557,-5.7843,-1,-1,152.949033361614,7.04326,0.2,5,23.803,442800000,442800600,0.631,350,184.557449,-5.78436
1539852694.9137213,"/data01/ANALYSIS3.local/ASTRI/DREVT3_ASTRI_O1/ctools-lc_LC-from-start/T442800000_442800610/T442800000_442800610_E0.631_350_P184.557449_-5.78436",NULL,42676,"Crab-1",184.557,-5.7843,-1,-1,150.240494824631,4.95074,0.144914,5,33.3989,442800000,442800610,0.631,350,184.557449,-5.78436
1539852700.729876,"/data01/ANALYSIS3.local/ASTRI/DREVT3_ASTRI_O1/ctools-lc_LC-from-start/T442800000_442800620/T442800000_442800620_E0.631_350_P184.557449_-5.78436",NULL,42677,"Crab-1",184.557,-5.7843,-1,-1,147.846593827673,4.14291,0.122474,5,39.3398,442800000,442800620,0.631,350,184.557449,-5.78436
1539852706.6723676,"/data01/ANALYSIS3.local/ASTRI/DREVT3_ASTRI_O1/ctools-lc_LC-from-start/T442800000_442800630/T442800000_442800630_E0.631_350_P184.557449_-5.78436",NULL,42678,"Crab-1",184.557,-5.7843,-1,-1,146.012275187024,2.91061,0.083666,5,55.3646,442800000,442800630,0.631,350,184.557449,-5.78436
1539852712.2499387,"/data01/ANALYSIS3.local/ASTRI/DREVT3_ASTRI_O1/ctools-lc_LC-from-start/T442800000_442800640/T442800000_442800640_E0.631_350_P184.557449_-5.78436",NULL,42679,"Crab-1",184.557,-5.7843,-1,-1,143.814457931826,1.9829,0.0632455,5,80.217,442800000,442800640,0.631,350,184.557449,-5.78436
1539852718.973244,"/data01/ANALYSIS3.local/ASTRI/DREVT3_ASTRI_O1/ctools-lc_LC-from-start/T442800000_442800650/T442800000_442800650_E0.631_350_P184.557449_-5.78436",NULL,42680,"Crab-1",184.557,-5.7843,-1,-1,149.030300817235,8.88238,0.258844,5,17.9652,442800000,442800650,0.631,350,184.557449,-5.78436
1539852724.8109627,"/data01/ANALYSIS3.local/ASTRI/DREVT3_ASTRI_O1/ctools-lc_LC-from-start/T442800000_442800660/T442800000_442800660_E0.631_350_P184.557449_-5.78436",NULL,42681,"Crab-1",184.557,-5.7843,-1,-1,155.608905140339,14.0895,0.151658,5,11.7119,442800000,442800660,0.631,350,184.557449,-5.78436
1539852753.8072877,"/data01/ANALYSIS3.local/ASTRI/DREVT3_ASTRI_O1/ctools-lc_LC-from-start/T442800000_442800710/T442800000_442800710_E0.631_350_P184.557449_-5.78436",NULL,42682,"Crab-1",184.557,-5.7843,-1,-1,20.5900579067761,0.00000218623,0,3.45624,7740140,442800000,442800710,0.631,350,184.557449,-5.78436
1539852761.185491,"/data01/ANALYSIS3.local/ASTRI/DREVT3_ASTRI_O1/ctools-lc_LC-from-start/T442800000_442800720/T442800000_442800720_E0.631_350_P184.557449_-5.78436",NULL,42683,"Crab-1",184.557,-5.7843,-1,-1,18.8533250120064,0.00000218794,0,3.39933,6981330,442800000,442800720,0.631,350,184.557449,-5.78436
1539852767.57196,"/data01/ANALYSIS3.local/ASTRI/DREVT3_ASTRI_O1/ctools-lc_LC-from-start/T442800000_442800730/T442800000_442800730_E0.631_350_P184.557449_-5.78436",NULL,42684,"Crab-1",184.557,-5.7843,-1,-1,21.0253264105523,0.00000218389,0,3.46838,7938910,442800000,442800730,0.631,350,184.557449,-5.78436
1539852801.7939506,"/data01/ANALYSIS3.local/ASTRI/DREVT3_ASTRI_O1/ctools-lc_LC-from-start/T442800000_442800790/T442800000_442800790_E0.631_350_P184.557449_-5.78436",NULL,42685,"Crab-1",184.557,-5.7843,-1,-1,3.69728893262667,2.62197,1.74069,2.36474,0.604691,442800000,442800790,0.631,350,184.557449,-5.78436
1539852807.1911778,"/data01/ANALYSIS3.local/ASTRI/DREVT3_ASTRI_O1/ctools-lc_LC-from-start/T442800000_442800800/T442800000_442800800_E0.631_350_P184.557449_-5.78436",NULL,42686,"Crab-1",184.557,-5.7843,-1,-1,4.18026518722304,3.09538,1.8431,2.42576,0.60623,442800000,442800800,0.631,350,184.557449,-5.78436
1539852812.3193283,"/data01/ANALYSIS3.local/ASTRI/DREVT3_ASTRI_O1/ctools-lc_LC-from-start/T442800000_442800810/T442800000_442800810_E0.631_350_P184.557449_-5.78436",NULL,42687,"Crab-1",184.557,-5.7843,-1,-1,4.43179454645438,3.6453,2.06664,2.44799,0.558917,442800000,442800810,0.631,350,184.557449,-5.78436
1539852817.9493628,"/data01/ANALYSIS3.local/ASTRI/DREVT3_ASTRI_O1/ctools-lc_LC-from-start/T442800000_442800820/T442800000_442800820_E0.631_350_P184.557449_-5.78436",NULL,42688,"Crab-1",184.557,-5.7843,-1,-1,4.39745191438904,3.47528,1.97535,2.45206,0.584064,442800000,442800820,0.631,350,184.557449,-5.78436
1539852823.3905232,"/data01/ANALYSIS3.local/ASTRI/DREVT3_ASTRI_O1/ctools-lc_LC-from-start/T442800000_442800830/T442800000_442800830_E0.631_350_P184.557449_-5.78436",NULL,42689,"Crab-1",184.557,-5.7843,-1,-1,4.35569262902208,3.29896,1.88335,2.4553,0.610864,442800000,442800830,0.631,350,184.557449,-5.78436
1539852829.8681126,"/data01/ANALYSIS3.local/ASTRI/DREVT3_ASTRI_O1/ctools-lc_LC-from-start/T442800000_442800840/T442800000_442800840_E0.631_350_P184.557449_-5.78436",NULL,42690,"Crab-1",184.557,-5.7843,-1,-1,4.65096159397017,3.70536,2.00948,2.48753,0.598251,442800000,442800840,0.631,350,184.557449,-5.78436
1539852836.1179893,"/data01/ANALYSIS3.local/ASTRI/DREVT3_ASTRI_O1/ctools-lc_LC-from-start/T442800000_442800850/T442800000_442800850_E0.631_350_P184.557449_-5.78436",NULL,42691,"Crab-1",184.557,-5.7843,-1,-1,4.5836087350372,3.76436,2.10071,2.47531,0.575586,442800000,442800850,0.631,350,184.557449,-5.78436
1539852842.1775286,"/data01/ANALYSIS3.local/ASTRI/DREVT3_ASTRI_O1/ctools-lc_LC-from-start/T442800000_442800860/T442800000_442800860_E0.631_350_P184.557449_-5.78436",NULL,42692,"Crab-1",184.557,-5.7843,-1,-1,4.45799917814933,3.67492,2.11258,2.46279,0.569058,442800000,442800860,0.631,350,184.557449,-5.78436
1539852847.9445906,"/data01/ANALYSIS3.local/ASTRI/DREVT3_ASTRI_O1/ctools-lc_LC-from-start/T442800000_442800870/T442800000_442800870_E0.631_350_P184.557449_-5.78436",NULL,42693,"Crab-1",184.557,-5.7843,-1,-1,4.76574126011826,3.97813,2.14826,2.4991,0.578261,442800000,442800870,0.631,350,184.557449,-5.78436
1539852857.2490733,"/data01/ANALYSIS3.local/ASTRI/DREVT3_ASTRI_O1/ctools-lc_LC-from-start/T442800000_442800880/T442800000_442800880_E0.631_350_P184.557449_-5.78436",NULL,42694,"Crab-1",184.557,-5.7843,-1,-1,4.63834807979717,3.90558,2.18128,2.4834,0.566893,442800000,442800880,0.631,350,184.557449,-5.78436
1539852863.24474,"/data01/ANALYSIS3.local/ASTRI/DREVT3_ASTRI_O1/ctools-lc_LC-from-start/T442800000_442800890/T442800000_442800890_E0.631_350_P184.557449_-5.78436",NULL,42695,"Crab-1",184.557,-5.7843,-1,-1,5.14961564657819,4.88644,2.52864,2.52506,0.519619,442800000,442800890,0.631,350,184.557449,-5.78436
1539852869.5684135,"/data01/ANALYSIS3.local/ASTRI/DREVT3_ASTRI_O1/ctools-lc_LC-from-start/T442800000_442800900/T442800000_442800900_E0.631_350_P184.557449_-5.78436",NULL,42696,"Crab-1",184.557,-5.7843,-1,-1,4.40986117048694,4.30851,2.5838,2.44789,0.477901,442800000,442800900,0.631,350,184.557449,-5.78436
1539852877.2832441,"/data01/ANALYSIS3.local/ASTRI/DREVT3_ASTRI_O1/ctools-lc_LC-from-start/T442800000_442800910/T442800000_442800910_E0.631_350_P184.557449_-5.78436",NULL,42697,"Crab-1",184.557,-5.7843,-1,-1,3.38393201138905,3.68047,2.76785,2.34054,0.381555,442800000,442800910,0.631,350,184.557449,-5.78436
1539852883.1098845,"/data01/ANALYSIS3.local/ASTRI/DREVT3_ASTRI_O1/ctools-lc_LC-from-start/T442800000_442800920/T442800000_442800920_E0.631_350_P184.557449_-5.78436",NULL,42698,"Crab-1",184.557,-5.7843,-1,-1,3.37102689892955,3.58927,2.69351,2.3433,0.390673,442800000,442800920,0.631,350,184.557449,-5.78436
1539852889.4420033,"/data01/ANALYSIS3.local/ASTRI/DREVT3_ASTRI_O1/ctools-lc_LC-from-start/T442800000_442800930/T442800000_442800930_E0.631_350_P184.557449_-5.78436",NULL,42699,"Crab-1",184.557,-5.7843,-1,-1,2.9825253820701,3.15146,2.69611,2.28593,0.377172,442800000,442800930,0.631,350,184.557449,-5.78436
1539852895.6466599,"/data01/ANALYSIS3.local/ASTRI/DREVT3_ASTRI_O1/ctools-lc_LC-from-start/T442800000_442800940/T442800000_442800940_E0.631_350_P184.557449_-5.78436",NULL,42700,"Crab-1",184.557,-5.7843,-1,-1,2.92371747923741,3.01338,2.62221,2.28281,0.385711,442800000,442800940,0.631,350,184.557449,-5.78436
1539852904.7753184,"/data01/ANALYSIS3.local/ASTRI/DREVT3_ASTRI_O1/ctools-lc_LC-from-start/T442800000_442800950/T442800000_442800950_E0.631_350_P184.557449_-5.78436",NULL,42701,"Crab-1",184.557,-5.7843,-1,-1,2.89555275472787,2.90883,2.54421,2.28464,0.396653,442800000,442800950,0.631,350,184.557449,-5.78436
1539852913.9566321,"/data01/ANALYSIS3.local/ASTRI/DREVT3_ASTRI_O1/ctools-lc_LC-from-start/T442800000_442800960/T442800000_442800960_E0.631_350_P184.557449_-5.78436",NULL,42702,"Crab-1",184.557,-5.7843,-1,-1,2.93269481078784,2.8987,2.48676,2.29679,0.408164,442800000,442800960,0.631,350,184.557449,-5.78436
1539852922.9473188,"/data01/ANALYSIS3.local/ASTRI/DREVT3_ASTRI_O1/ctools-lc_LC-from-start/T442800000_442800970/T442800000_442800970_E0.631_350_P184.557449_-5.78436",NULL,42703,"Crab-1",184.557,-5.7843,-1,-1,2.9428052292099,2.87109,2.4454,2.30419,0.416815,442800000,442800970,0.631,350,184.557449,-5.78436
1539852928.2933722,"/data01/ANALYSIS3.local/ASTRI/DREVT3_ASTRI_O1/ctools-lc_LC-from-start/T442800000_442800980/T442800000_442800980_E0.631_350_P184.557449_-5.78436",NULL,42704,"Crab-1",184.557,-5.7843,-1,-1,3.2512868533801,3.19683,2.45784,2.35235,0.428879,442800000,442800980,0.631,350,184.557449,-5.78436
1539852935.0665257,"/data01/ANALYSIS3.local/ASTRI/DREVT3_ASTRI_O1/ctools-lc_LC-from-start/T442800000_442800990/T442800000_442800990_E0.631_350_P184.557449_-5.78436",NULL,42705,"Crab-1",184.557,-5.7843,-1,-1,3.31148506009478,3.44003,2.64651,2.3581,0.410736,442800000,442800990,0.631,350,184.557449,-5.78436
1539852943.314484,"/data01/ANALYSIS3.local/ASTRI/DREVT3_ASTRI_O1/ctools-lc_LC-from-start/T442800000_442801000/T442800000_442801000_E0.631_350_P184.557449_-5.78436",NULL,42706,"Crab-1",184.557,-5.7843,-1,-1,3.06213065184104,3.17927,2.64481,2.32169,0.400733,442800000,442801000,0.631,350,184.557449,-5.78436
1539852949.582184,"/data01/ANALYSIS3.local/ASTRI/DREVT3_ASTRI_O1/ctools-lc_LC-from-start/T442800000_442801010/T442800000_442801010_E0.631_350_P184.557449_-5.78436",NULL,42707,"Crab-1",184.557,-5.7843,-1,-1,3.16254773971891,3.39842,2.75844,2.33254,0.391999,442800000,442801010,0.631,350,184.557449,-5.78436
1539852955.0331793,"/data01/ANALYSIS3.local/ASTRI/DREVT3_ASTRI_O1/ctools-lc_LC-from-start/T442800000_442801020/T442800000_442801020_E0.631_350_P184.557449_-5.78436",NULL,42708,"Crab-1",184.557,-5.7843,-1,-1,3.1835217762001,3.52767,2.88375,2.33342,0.382178,442800000,442801020,0.631,350,184.557449,-5.78436
1539852961.656633,"/data01/ANALYSIS3.local/ASTRI/DREVT3_ASTRI_O1/ctools-lc_LC-from-start/T442800000_442801030/T442800000_442801030_E0.631_350_P184.557449_-5.78436",NULL,42709,"Crab-1",184.557,-5.7843,-1,-1,3.44461052767646,3.77711,2.86339,2.37335,0.396519,442800000,442801030,0.631,350,184.557449,-5.78436
1539852970.6294305,"/data01/ANALYSIS3.local/ASTRI/DREVT3_ASTRI_O1/ctools-lc_LC-from-start/T442800000_442801040/T442800000_442801040_E0.631_350_P184.557449_-5.78436",NULL,42710,"Crab-1",184.557,-5.7843,-1,-1,3.14197685511949,3.4444,2.84851,2.33248,0.386425,442800000,442801040,0.631,350,184.557449,-5.78436
1539852979.2428157,"/data01/ANALYSIS3.local/ASTRI/DREVT3_ASTRI_O1/ctools-lc_LC-from-start/T442800000_442801050/T442800000_442801050_E0.631_350_P184.557449_-5.78436",NULL,42711,"Crab-1",184.557,-5.7843,-1,-1,3.12366066792404,3.33691,2.76442,2.33561,0.397935,442800000,442801050,0.631,350,184.557449,-5.78436
1539852985.759837,"/data01/ANALYSIS3.local/ASTRI/DREVT3_ASTRI_O1/ctools-lc_LC-from-start/T442800000_442801060/T442800000_442801060_E0.631_350_P184.557449_-5.78436",NULL,42712,"Crab-1",184.557,-5.7843,-1,-1,3.00065396356649,3.37071,2.96057,2.30975,0.37342,442800000,442801060,0.631,350,184.557449,-5.78436
1539852993.735424,"/data01/ANALYSIS3.local/ASTRI/DREVT3_ASTRI_O1/ctools-lc_LC-from-start/T442800000_442801070/T442800000_442801070_E0.631_350_P184.557449_-5.78436",NULL,42713,"Crab-1",184.557,-5.7843,-1,-1,3.09250149154454,3.43016,2.90758,2.32745,0.382888,442800000,442801070,0.631,350,184.557449,-5.78436
1539853001.0108445,"/data01/ANALYSIS3.local/ASTRI/DREVT3_ASTRI_O1/ctools-lc_LC-from-start/T442800000_442801080/T442800000_442801080_E0.631_350_P184.557449_-5.78436",NULL,42714,"Crab-1",184.557,-5.7843,-1,-1,3.01768072161577,3.28879,2.85202,2.321,0.388194,442800000,442801080,0.631,350,184.557449,-5.78436
1539853010.0698676,"/data01/ANALYSIS3.local/ASTRI/DREVT3_ASTRI_O1/ctools-lc_LC-from-start/T442800000_442801090/T442800000_442801090_E0.631_350_P184.557449_-5.78436",NULL,42715,"Crab-1",184.557,-5.7843,-1,-1,3.34195758129569,3.53445,2.76622,2.37486,0.41408,442800000,442801090,0.631,350,184.557449,-5.78436
1539853018.3278835,"/data01/ANALYSIS3.local/ASTRI/DREVT3_ASTRI_O1/ctools-lc_LC-from-start/T442800000_442801100/T442800000_442801100_E0.631_350_P184.557449_-5.78436",NULL,42716,"Crab-1",184.557,-5.7843,-1,-1,3.43065735842002,3.60196,2.75009,2.39059,0.422391,442800000,442801100,0.631,350,184.557449,-5.78436
1539853025.0124607,"/data01/ANALYSIS3.local/ASTRI/DREVT3_ASTRI_O1/ctools-lc_LC-from-start/T442800000_442801110/T442800000_442801110_E0.631_350_P184.557449_-5.78436",NULL,42717,"Crab-1",184.557,-5.7843,-1,-1,2.83601959570101,2.95582,2.7109,2.30312,0.399079,442800000,442801110,0.631,350,184.557449,-5.78436
1539853031.35235,"/data01/ANALYSIS3.local/ASTRI/DREVT3_ASTRI_O1/ctools-lc_LC-from-start/T442800000_442801120/T442800000_442801120_E0.631_350_P184.557449_-5.78436",NULL,42718,"Crab-1",184.557,-5.7843,-1,-1,2.78041775338534,2.81445,2.62736,2.29865,0.41045,442800000,442801120,0.631,350,184.557449,-5.78436
1539853036.8862123,"/data01/ANALYSIS3.local/ASTRI/DREVT3_ASTRI_O1/ctools-lc_LC-from-start/T442800000_442801130/T442800000_442801130_E0.631_350_P184.557449_-5.78436",NULL,42719,"Crab-1",184.557,-5.7843,-1,-1,2.58504820904262,2.56236,2.60365,2.26699,0.409145,442800000,442801130,0.631,350,184.557449,-5.78436
1539853049.5391998,"/data01/ANALYSIS3.local/ASTRI/DREVT3_ASTRI_O1/ctools-lc_LC-from-start/T442800000_442801150/T442800000_442801150_E0.631_350_P184.557449_-5.78436",NULL,42720,"Crab-1",184.557,-5.7843,-1,-1,2.67490738698086,2.68964,2.60595,2.2845,0.404449,442800000,442801150,0.631,350,184.557449,-5.78436
1539853069.5400002,"/data01/ANALYSIS3.local/ASTRI/DREVT3_ASTRI_O1/ctools-lc_LC-from-start/T442800000_442801180/T442800000_442801180_E0.631_350_P184.557449_-5.78436",NULL,42721,"Crab-1",184.557,-5.7843,-1,-1,2.50689878399209,2.56773,2.64235,2.26505,0.391524,442800000,442801180,0.631,350,184.557449,-5.78436
1539853074.942015,"/data01/ANALYSIS3.local/ASTRI/DREVT3_ASTRI_O1/ctools-lc_LC-from-start/T442800000_442801190/T442800000_442801190_E0.631_350_P184.557449_-5.78436",NULL,42722,"Crab-1",184.557,-5.7843,-1,-1,2.42917392358398,2.47587,2.64481,2.2512,0.389929,442800000,442801190,0.631,350,184.557449,-5.78436
1539853084.8176804,"/data01/ANALYSIS3.local/ASTRI/DREVT3_ASTRI_O1/ctools-lc_LC-from-start/T442800000_442801210/T442800000_442801210_E0.631_350_P184.557449_-5.78436",NULL,42723,"Crab-1",184.557,-5.7843,-1,-1,2.8653815708509,2.96726,2.64783,2.33712,0.409542,442800000,442801210,0.631,350,184.557449,-5.78436
1539853090.111659,"/data01/ANALYSIS3.local/ASTRI/DREVT3_ASTRI_O1/ctools-lc_LC-from-start/T442800000_442801220/T442800000_442801220_E0.631_350_P184.557449_-5.78436",NULL,42724,"Crab-1",184.557,-5.7843,-1,-1,2.9082059193984,3.01373,2.64991,2.34575,0.412581,442800000,442801220,0.631,350,184.557449,-5.78436
1539853095.1931074,"/data01/ANALYSIS3.local/ASTRI/DREVT3_ASTRI_O1/ctools-lc_LC-from-start/T442800000_442801230/T442800000_442801230_E0.631_350_P184.557449_-5.78436",NULL,42725,"Crab-1",184.557,-5.7843,-1,-1,2.78242974822221,2.8175,2.57021,2.32827,0.416397,442800000,442801230,0.631,350,184.557449,-5.78436
1539853101.0768006,"/data01/ANALYSIS3.local/ASTRI/DREVT3_ASTRI_O1/ctools-lc_LC-from-start/T442800000_442801240/T442800000_442801240_E0.631_350_P184.557449_-5.78436",NULL,42726,"Crab-1",184.557,-5.7843,-1,-1,2.77416722584978,2.74363,2.5016,2.33125,0.427166,442800000,442801240,0.631,350,184.557449,-5.78436
1539853107.62639,"/data01/ANALYSIS3.local/ASTRI/DREVT3_ASTRI_O1/ctools-lc_LC-from-start/T442800000_442801250/T442800000_442801250_E0.631_350_P184.557449_-5.78436",NULL,42727,"Crab-1",184.557,-5.7843,-1,-1,2.66758585450707,2.56225,2.4164,2.31755,0.436532,442800000,442801250,0.631,350,184.557449,-5.78436
1539853113.3163447,"/data01/ANALYSIS3.local/ASTRI/DREVT3_ASTRI_O1/ctools-lc_LC-from-start/T442800000_442801260/T442800000_442801260_E0.631_350_P184.557449_-5.78436",NULL,42728,"Crab-1",184.557,-5.7843,-1,-1,3.31646118261238,3.26885,2.34009,2.41683,0.457641,442800000,442801260,0.631,350,184.557449,-5.78436
1539853138.9129267,"/data01/ANALYSIS3.local/ASTRI/DREVT3_ASTRI_O1/ctools-lc_LC-from-start/T442800000_442801300/T442800000_442801300_E0.631_350_P184.557449_-5.78436",NULL,42729,"Crab-1",184.557,-5.7843,-1,-1,2.74168132100294,2.47718,2.25743,2.34749,0.47582,442800000,442801300,0.631,350,184.557449,-5.78436
1539853144.946133,"/data01/ANALYSIS3.local/ASTRI/DREVT3_ASTRI_O1/ctools-lc_LC-from-start/T442800000_442801310/T442800000_442801310_E0.631_350_P184.557449_-5.78436",NULL,42730,"Crab-1",184.557,-5.7843,-1,-1,2.67770363145323,2.38951,2.2289,2.33897,0.478587,442800000,442801310,0.631,350,184.557449,-5.78436
1539853155.8601627,"/data01/ANALYSIS3.local/ASTRI/DREVT3_ASTRI_O1/ctools-lc_LC-from-start/T442800000_442801330/T442800000_442801330_E0.631_350_P184.557449_-5.78436",NULL,42731,"Crab-1",184.557,-5.7843,-1,-1,2.28252132996164,1.91368,2.10381,2.27304,0.484257,442800000,442801330,0.631,350,184.557449,-5.78436
1539853179.7034907,"/data01/ANALYSIS3.local/ASTRI/DREVT3_ASTRI_O1/ctools-lc_LC-from-start/T442800000_442801370/T442800000_442801370_E0.631_350_P184.557449_-5.78436",NULL,42732,"Crab-1",184.557,-5.7843,-1,-1,2.29696750174128,1.85339,2.02633,2.28666,0.51078,442800000,442801370,0.631,350,184.557449,-5.78436
1539853202.9902112,"/data01/ANALYSIS3.local/ASTRI/DREVT3_ASTRI_O1/ctools-lc_LC-from-start/T442800000_442801400/T442800000_442801400_E0.631_350_P184.557449_-5.78436",NULL,42733,"Crab-1",184.557,-5.7843,-1,-1,2.51311000461029,2.20019,2.18449,2.3336,0.492175,442800000,442801400,0.631,350,184.557449,-5.78436
1539853208.1913004,"/data01/ANALYSIS3.local/ASTRI/DREVT3_ASTRI_O1/ctools-lc_LC-from-start/T442800000_442801410/T442800000_442801410_E0.631_350_P184.557449_-5.78436",NULL,42734,"Crab-1",184.557,-5.7843,-1,-1,2.70576222897289,2.40279,2.22081,2.36528,0.495835,442800000,442801410,0.631,350,184.557449,-5.78436
1539853217.7351315,"/data01/ANALYSIS3.local/ASTRI/DREVT3_ASTRI_O1/ctools-lc_LC-from-start/T442800000_442801430/T442800000_442801430_E0.631_350_P184.557449_-5.78436",NULL,42735,"Crab-1",184.557,-5.7843,-1,-1,112.908767638331,30.405,1.18828,5,3.82895,442800000,442801430,0.631,350,184.557449,-5.78436
1539853222.592076,"/data01/ANALYSIS3.local/ASTRI/DREVT3_ASTRI_O1/ctools-lc_LC-from-start/T442800000_442801440/T442800000_442801440_E0.631_350_P184.557449_-5.78436",NULL,42736,"Crab-1",184.557,-5.7843,-1,-1,2.65559035840854,2.42263,2.29303,2.3565,0.481662,442800000,442801440,0.631,350,184.557449,-5.78436
1539853228.6111827,"/data01/ANALYSIS3.local/ASTRI/DREVT3_ASTRI_O1/ctools-lc_LC-from-start/T442800000_442801450/T442800000_442801450_E0.631_350_P184.557449_-5.78436",NULL,42737,"Crab-1",184.557,-5.7843,-1,-1,2.97579592500111,2.56223,2.20363,2.41842,0.534569,442800000,442801450,0.631,350,184.557449,-5.78436
1539853253.0011468,"/data01/ANALYSIS3.local/ASTRI/DREVT3_ASTRI_O1/ctools-lc_LC-from-start/T442800000_442801490/T442800000_442801490_E0.631_350_P184.557449_-5.78436",NULL,42738,"Crab-1",184.557,-5.7843,-1,-1,1.85841905680045,1.66763,2.29085,2.19177,0.435635,442800000,442801490,0.631,350,184.557449,-5.78436
1539853259.3988805,"/data01/ANALYSIS3.local/ASTRI/DREVT3_ASTRI_O1/ctools-lc_LC-from-start/T442800000_442801500/T442800000_442801500_E0.631_350_P184.557449_-5.78436",NULL,42739,"Crab-1",184.557,-5.7843,-1,-1,2.99131824322292,2.66177,2.30282,2.4177,0.516874,442800000,442801500,0.631,350,184.557449,-5.78436
1539853264.305396,"/data01/ANALYSIS3.local/ASTRI/DREVT3_ASTRI_O1/ctools-lc_LC-from-start/T442800000_442801510/T442800000_442801510_E0.631_350_P184.557449_-5.78436",NULL,42740,"Crab-1",184.557,-5.7843,-1,-1,4.0325527219622,0.0000001,0,2.69623,23535600,442800000,442801510,0.631,350,184.557449,-5.78436
1539853293.0412757,"/data01/ANALYSIS3.local/ASTRI/DREVT3_ASTRI_O1/ctools-lc_LC-from-start/T442800000_442801560/T442800000_442801560_E0.631_350_P184.557449_-5.78436",NULL,42741,"Crab-1",184.557,-5.7843,-1,-1,2.76221544978695,2.27678,2.10832,2.39328,0.549144,442800000,442801560,0.631,350,184.557449,-5.78436
1539853306.1555493,"/data01/ANALYSIS3.local/ASTRI/DREVT3_ASTRI_O1/ctools-lc_LC-from-start/T442800000_442801580/T442800000_442801580_E0.631_350_P184.557449_-5.78436",NULL,42742,"Crab-1",184.557,-5.7843,-1,-1,2.46891044880911,2.12534,2.20635,2.33542,0.504263,442800000,442801580,0.631,350,184.557449,-5.78436
1539853311.2916253,"/data01/ANALYSIS3.local/ASTRI/DREVT3_ASTRI_O1/ctools-lc_LC-from-start/T442800000_442801590/T442800000_442801590_E0.631_350_P184.557449_-5.78436",NULL,42743,"Crab-1",184.557,-5.7843,-1,-1,2.55569074302483,2.28817,2.3326,2.34827,0.490959,442800000,442801590,0.631,350,184.557449,-5.78436
1539853317.4674077,"/data01/ANALYSIS3.local/ASTRI/DREVT3_ASTRI_O1/ctools-lc_LC-from-start/T442800000_442801600/T442800000_442801600_E0.631_350_P184.557449_-5.78436",NULL,42744,"Crab-1",184.557,-5.7843,-1,-1,3.3046681230465,2.80297,2.33367,2.47834,0.568497,442800000,442801600,0.631,350,184.557449,-5.78436
1539853330.4281454,"/data01/ANALYSIS3.local/ASTRI/DREVT3_ASTRI_O1/ctools-lc_LC-from-start/T442800000_442801620/T442800000_442801620_E0.631_350_P184.557449_-5.78436",NULL,42745,"Crab-1",184.557,-5.7843,-1,-1,5.02182500815355,0.0000001,0,2.82316,31114700,442800000,442801620,0.631,350,184.557449,-5.78436
1539853335.579564,"/data01/ANALYSIS3.local/ASTRI/DREVT3_ASTRI_O1/ctools-lc_LC-from-start/T442800000_442801630/T442800000_442801630_E0.631_350_P184.557449_-5.78436",NULL,42746,"Crab-1",184.557,-5.7843,-1,-1,3.09271128428946,2.69355,2.31019,2.45012,0.545422,442800000,442801630,0.631,350,184.557449,-5.78436
1539853341.5893316,"/data01/ANALYSIS3.local/ASTRI/DREVT3_ASTRI_O1/ctools-lc_LC-from-start/T442800000_442801640/T442800000_442801640_E0.631_350_P184.557449_-5.78436",NULL,42747,"Crab-1",184.557,-5.7843,-1,-1,2.87332644759953,2.76259,2.51217,2.41475,0.483134,442800000,442801640,0.631,350,184.557449,-5.78436
1539853347.6269486,"/data01/ANALYSIS3.local/ASTRI/DREVT3_ASTRI_O1/ctools-lc_LC-from-start/T442800000_442801650/T442800000_442801650_E0.631_350_P184.557449_-5.78436",NULL,42748,"Crab-1",184.557,-5.7843,-1,-1,3.41071092468548,3.17881,2.52151,2.50247,0.530843,442800000,442801650,0.631,350,184.557449,-5.78436
1539853353.7224371,"/data01/ANALYSIS3.local/ASTRI/DREVT3_ASTRI_O1/ctools-lc_LC-from-start/T442800000_442801660/T442800000_442801660_E0.631_350_P184.557449_-5.78436",NULL,42749,"Crab-1",184.557,-5.7843,-1,-1,3.16848934782331,3.21618,2.66364,2.46354,0.476109,442800000,442801660,0.631,350,184.557449,-5.78436
1539853359.9138072,"/data01/ANALYSIS3.local/ASTRI/DREVT3_ASTRI_O1/ctools-lc_LC-from-start/T442800000_442801670/T442800000_442801670_E0.631_350_P184.557449_-5.78436",NULL,42750,"Crab-1",184.557,-5.7843,-1,-1,3.15778339657605,3.09527,2.56554,2.46592,0.494009,442800000,442801670,0.631,350,184.557449,-5.78436
1539853365.6586273,"/data01/ANALYSIS3.local/ASTRI/DREVT3_ASTRI_O1/ctools-lc_LC-from-start/T442800000_442801680/T442800000_442801680_E0.631_350_P184.557449_-5.78436",NULL,42751,"Crab-1",184.557,-5.7843,-1,-1,3.04725766988331,3.20232,2.75318,2.44353,0.453408,442800000,442801680,0.631,350,184.557449,-5.78436
1539853371.5556235,"/data01/ANALYSIS3.local/ASTRI/DREVT3_ASTRI_O1/ctools-lc_LC-from-start/T442800000_442801690/T442800000_442801690_E0.631_350_P184.557449_-5.78436",NULL,42752,"Crab-1",184.557,-5.7843,-1,-1,3.01870647418882,3.1046,2.68775,2.44254,0.462888,442800000,442801690,0.631,350,184.557449,-5.78436
1539853376.9508152,"/data01/ANALYSIS3.local/ASTRI/DREVT3_ASTRI_O1/ctools-lc_LC-from-start/T442800000_442801700/T442800000_442801700_E0.631_350_P184.557449_-5.78436",NULL,42753,"Crab-1",184.557,-5.7843,-1,-1,3.03010053195628,3.0498,2.62793,2.44779,0.47522,442800000,442801700,0.631,350,184.557449,-5.78436
1539853381.9249818,"/data01/ANALYSIS3.local/ASTRI/DREVT3_ASTRI_O1/ctools-lc_LC-from-start/T442800000_442801710/T442800000_442801710_E0.631_350_P184.557449_-5.78436",NULL,42754,"Crab-1",184.557,-5.7843,-1,-1,2.98789233771688,2.92841,2.5501,2.4447,0.486647,442800000,442801710,0.631,350,184.557449,-5.78436
1539853388.1806698,"/data01/ANALYSIS3.local/ASTRI/DREVT3_ASTRI_O1/ctools-lc_LC-from-start/T442800000_442801720/T442800000_442801720_E0.631_350_P184.557449_-5.78436",NULL,42755,"Crab-1",184.557,-5.7843,-1,-1,3.29155373548479,3.36282,2.69518,2.49115,0.48422,442800000,442801720,0.631,350,184.557449,-5.78436
1539853393.5195966,"/data01/ANALYSIS3.local/ASTRI/DREVT3_ASTRI_O1/ctools-lc_LC-from-start/T442800000_442801730/T442800000_442801730_E0.631_350_P184.557449_-5.78436",NULL,42756,"Crab-1",184.557,-5.7843,-1,-1,3.13112052233856,3.22519,2.70666,2.46756,0.472312,442800000,442801730,0.631,350,184.557449,-5.78436
1539853399.3254182,"/data01/ANALYSIS3.local/ASTRI/DREVT3_ASTRI_O1/ctools-lc_LC-from-start/T442800000_442801740/T442800000_442801740_E0.631_350_P184.557449_-5.78436",NULL,42757,"Crab-1",184.557,-5.7843,-1,-1,2.82904034982444,2.95748,2.72452,2.4195,0.448611,442800000,442801740,0.631,350,184.557449,-5.78436
1539853404.493092,"/data01/ANALYSIS3.local/ASTRI/DREVT3_ASTRI_O1/ctools-lc_LC-from-start/T442800000_442801750/T442800000_442801750_E0.631_350_P184.557449_-5.78436",NULL,42758,"Crab-1",184.557,-5.7843,-1,-1,2.81638095263598,2.90213,2.6816,2.42057,0.455584,442800000,442801750,0.631,350,184.557449,-5.78436
1539853410.7959423,"/data01/ANALYSIS3.local/ASTRI/DREVT3_ASTRI_O1/ctools-lc_LC-from-start/T442800000_442801760/T442800000_442801760_E0.631_350_P184.557449_-5.78436",NULL,42759,"Crab-1",184.557,-5.7843,-1,-1,2.83070363989058,2.86038,2.62659,2.42608,0.466456,442800000,442801760,0.631,350,184.557449,-5.78436
1539853417.8255877,"/data01/ANALYSIS3.local/ASTRI/DREVT3_ASTRI_O1/ctools-lc_LC-from-start/T442800000_442801770/T442800000_442801770_E0.631_350_P184.557449_-5.78436",NULL,42760,"Crab-1",184.557,-5.7843,-1,-1,3.12633513699564,3.21797,2.68738,2.47845,0.47651,442800000,442801770,0.631,350,184.557449,-5.78436
1539853425.103339,"/data01/ANALYSIS3.local/ASTRI/DREVT3_ASTRI_O1/ctools-lc_LC-from-start/T442800000_442801780/T442800000_442801780_E0.631_350_P184.557449_-5.78436",NULL,42761,"Crab-1",184.557,-5.7843,-1,-1,3.10701953633826,3.12436,2.61992,2.47884,0.487913,442800000,442801780,0.631,350,184.557449,-5.78436
1539853431.1001396,"/data01/ANALYSIS3.local/ASTRI/DREVT3_ASTRI_O1/ctools-lc_LC-from-start/T442800000_442801790/T442800000_442801790_E0.631_350_P184.557449_-5.78436",NULL,42762,"Crab-1",184.557,-5.7843,-1,-1,3.10032032370462,3.04098,2.55029,2.48098,0.500707,442800000,442801790,0.631,350,184.557449,-5.78436
1539853436.147214,"/data01/ANALYSIS3.local/ASTRI/DREVT3_ASTRI_O1/ctools-lc_LC-from-start/T442800000_442801800/T442800000_442801800_E0.631_350_P184.557449_-5.78436",NULL,42763,"Crab-1",184.557,-5.7843,-1,-1,3.13673245271377,3.02572,2.51038,2.48977,0.51314,442800000,442801800,0.631,350,184.557449,-5.78436
1539853441.1472552,"/data01/ANALYSIS3.local/ASTRI/DREVT3_ASTRI_O1/ctools-lc_LC-from-start/T442800000_442801810/T442800000_442801810_E0.631_350_P184.557449_-5.78436",NULL,42764,"Crab-1",184.557,-5.7843,-1,-1,3.46166225925449,3.43505,2.61132,2.53912,0.517619,442800000,442801810,0.631,350,184.557449,-5.78436
1539853445.996113,"/data01/ANALYSIS3.local/ASTRI/DREVT3_ASTRI_O1/ctools-lc_LC-from-start/T442800000_442801820/T442800000_442801820_E0.631_350_P184.557449_-5.78436",NULL,42765,"Crab-1",184.557,-5.7843,-1,-1,3.50306285007959,3.414,2.56905,2.54803,0.531168,442800000,442801820,0.631,350,184.557449,-5.78436
1539853451.161312,"/data01/ANALYSIS3.local/ASTRI/DREVT3_ASTRI_O1/ctools-lc_LC-from-start/T442800000_442801830/T442800000_442801830_E0.631_350_P184.557449_-5.78436",NULL,42766,"Crab-1",184.557,-5.7843,-1,-1,3.53054508697836,3.56879,2.66646,2.55024,0.513591,442800000,442801830,0.631,350,184.557449,-5.78436
1539853457.5018919,"/data01/ANALYSIS3.local/ASTRI/DREVT3_ASTRI_O1/ctools-lc_LC-from-start/T442800000_442801840/T442800000_442801840_E0.631_350_P184.557449_-5.78436",NULL,42767,"Crab-1",184.557,-5.7843,-1,-1,3.55526467289224,3.5065,2.60231,2.55693,0.529377,442800000,442801840,0.631,350,184.557449,-5.78436
1539853462.1130722,"/data01/ANALYSIS3.local/ASTRI/DREVT3_ASTRI_O1/ctools-lc_LC-from-start/T442800000_442801850/T442800000_442801850_E0.631_350_P184.557449_-5.78436",NULL,42768,"Crab-1",184.557,-5.7843,-1,-1,3.55529995494783,3.45212,2.56086,2.55995,0.539126,442800000,442801850,0.631,350,184.557449,-5.78436
1539853468.3275726,"/data01/ANALYSIS3.local/ASTRI/DREVT3_ASTRI_O1/ctools-lc_LC-from-start/T442800000_442801860/T442800000_442801860_E0.631_350_P184.557449_-5.78436",NULL,42769,"Crab-1",184.557,-5.7843,-1,-1,3.52804427912909,3.34685,2.4956,2.55937,0.551657,442800000,442801860,0.631,350,184.557449,-5.78436
1539853474.0980542,"/data01/ANALYSIS3.local/ASTRI/DREVT3_ASTRI_O1/ctools-lc_LC-from-start/T442800000_442801870/T442800000_442801870_E0.631_350_P184.557449_-5.78436",NULL,42770,"Crab-1",184.557,-5.7843,-1,-1,3.53262404323159,3.29542,2.45357,2.5622,0.562127,442800000,442801870,0.631,350,184.557449,-5.78436
1539853479.435423,"/data01/ANALYSIS3.local/ASTRI/DREVT3_ASTRI_O1/ctools-lc_LC-from-start/T442800000_442801880/T442800000_442801880_E0.631_350_P184.557449_-5.78436",NULL,42771,"Crab-1",184.557,-5.7843,-1,-1,3.59702817625508,3.28515,2.40894,2.57406,0.57982,442800000,442801880,0.631,350,184.557449,-5.78436
1539853484.969661,"/data01/ANALYSIS3.local/ASTRI/DREVT3_ASTRI_O1/ctools-lc_LC-from-start/T442800000_442801890/T442800000_442801890_E0.631_350_P184.557449_-5.78436",NULL,42772,"Crab-1",184.557,-5.7843,-1,-1,3.60626593894839,3.24407,2.37339,2.57736,0.590171,442800000,442801890,0.631,350,184.557449,-5.78436
1539853489.7120724,"/data01/ANALYSIS3.local/ASTRI/DREVT3_ASTRI_O1/ctools-lc_LC-from-start/T442800000_442801900/T442800000_442801900_E0.631_350_P184.557449_-5.78436",NULL,42773,"Crab-1",184.557,-5.7843,-1,-1,3.60402295828733,3.17461,2.32185,2.57998,0.604101,442800000,442801900,0.631,350,184.557449,-5.78436
1539853495.620263,"/data01/ANALYSIS3.local/ASTRI/DREVT3_ASTRI_O1/ctools-lc_LC-from-start/T442800000_442801910/T442800000_442801910_E0.631_350_P184.557449_-5.78436",NULL,42774,"Crab-1",184.557,-5.7843,-1,-1,3.64508936895958,3.16742,2.29521,2.58829,0.616539,442800000,442801910,0.631,350,184.557449,-5.78436
1539853500.6232314,"/data01/ANALYSIS3.local/ASTRI/DREVT3_ASTRI_O1/ctools-lc_LC-from-start/T442800000_442801920/T442800000_442801920_E0.631_350_P184.557449_-5.78436",NULL,42775,"Crab-1",184.557,-5.7843,-1,-1,3.54624562500003,3.06978,2.27244,2.57643,0.614116,442800000,442801920,0.631,350,184.557449,-5.78436
1539853506.3320816,"/data01/ANALYSIS3.local/ASTRI/DREVT3_ASTRI_O1/ctools-lc_LC-from-start/T442800000_442801930/T442800000_442801930_E0.631_350_P184.557449_-5.78436",NULL,42776,"Crab-1",184.557,-5.7843,-1,-1,3.62183133533197,3.10226,2.25721,2.58842,0.62576,442800000,442801930,0.631,350,184.557449,-5.78436
1539853512.310576,"/data01/ANALYSIS3.local/ASTRI/DREVT3_ASTRI_O1/ctools-lc_LC-from-start/T442800000_442801940/T442800000_442801940_E0.631_350_P184.557449_-5.78436",NULL,42777,"Crab-1",184.557,-5.7843,-1,-1,3.71560762972432,3.11223,2.21698,2.6041,0.647762,442800000,442801940,0.631,350,184.557449,-5.78436
1539853518.6089523,"/data01/ANALYSIS3.local/ASTRI/DREVT3_ASTRI_O1/ctools-lc_LC-from-start/T442800000_442801950/T442800000_442801950_E0.631_350_P184.557449_-5.78436",NULL,42778,"Crab-1",184.557,-5.7843,-1,-1,3.57137991504141,3.01135,2.21698,2.58486,0.635159,442800000,442801950,0.631,350,184.557449,-5.78436
1539853523.7568948,"/data01/ANALYSIS3.local/ASTRI/DREVT3_ASTRI_O1/ctools-lc_LC-from-start/T442800000_442801960/T442800000_442801960_E0.631_350_P184.557449_-5.78436",NULL,42779,"Crab-1",184.557,-5.7843,-1,-1,3.65375187192084,3.10017,2.24343,2.59674,0.634511,442800000,442801960,0.631,350,184.557449,-5.78436
1539853528.6357493,"/data01/ANALYSIS3.local/ASTRI/DREVT3_ASTRI_O1/ctools-lc_LC-from-start/T442800000_442801970/T442800000_442801970_E0.631_350_P184.557449_-5.78436",NULL,42780,"Crab-1",184.557,-5.7843,-1,-1,3.55048460430507,2.99412,2.21991,2.58385,0.633277,442800000,442801970,0.631,350,184.557449,-5.78436
1539853533.7474453,"/data01/ANALYSIS3.local/ASTRI/DREVT3_ASTRI_O1/ctools-lc_LC-from-start/T442800000_442801980/T442800000_442801980_E0.631_350_P184.557449_-5.78436",NULL,42781,"Crab-1",184.557,-5.7843,-1,-1,3.6102414261363,3.02053,2.20907,2.59379,0.643004,442800000,442801980,0.631,350,184.557449,-5.78436
1539853539.00399,"/data01/ANALYSIS3.local/ASTRI/DREVT3_ASTRI_O1/ctools-lc_LC-from-start/T442800000_442801990/T442800000_442801990_E0.631_350_P184.557449_-5.78436",NULL,42782,"Crab-1",184.557,-5.7843,-1,-1,3.62190681918299,2.96286,2.16009,2.59836,0.660203,442800000,442801990,0.631,350,184.557449,-5.78436
1539853544.061058,"/data01/ANALYSIS3.local/ASTRI/DREVT3_ASTRI_O1/ctools-lc_LC-from-start/T442800000_442802000/T442800000_442802000_E0.631_350_P184.557449_-5.78436",NULL,42783,"Crab-1",184.557,-5.7843,-1,-1,3.57329193656622,2.92708,2.16009,2.59188,0.656526,442800000,442802000,0.631,350,184.557449,-5.78436
1539853548.924761,"/data01/ANALYSIS3.local/ASTRI/DREVT3_ASTRI_O1/ctools-lc_LC-from-start/T442800000_442802010/T442800000_442802010_E0.631_350_P184.557449_-5.78436",NULL,42784,"Crab-1",184.557,-5.7843,-1,-1,3.1125806202703,2.62645,2.18518,2.52164,0.607072,442800000,442802010,0.631,350,184.557449,-5.78436
1539853554.3110073,"/data01/ANALYSIS3.local/ASTRI/DREVT3_ASTRI_O1/ctools-lc_LC-from-start/T442800000_442802020/T442800000_442802020_E0.631_350_P184.557449_-5.78436",NULL,42785,"Crab-1",184.557,-5.7843,-1,-1,3.10588578901738,2.56305,2.13518,2.5234,0.621901,442800000,442802020,0.631,350,184.557449,-5.78436
1539853560.3170333,"/data01/ANALYSIS3.local/ASTRI/DREVT3_ASTRI_O1/ctools-lc_LC-from-start/T442800000_442802030/T442800000_442802030_E0.631_350_P184.557449_-5.78436",NULL,42786,"Crab-1",184.557,-5.7843,-1,-1,3.09279833614564,2.48716,2.07798,2.52402,0.639056,442800000,442802030,0.631,350,184.557449,-5.78436
1539853565.2404404,"/data01/ANALYSIS3.local/ASTRI/DREVT3_ASTRI_O1/ctools-lc_LC-from-start/T442800000_442802040/T442800000_442802040_E0.631_350_P184.557449_-5.78436",NULL,42787,"Crab-1",184.557,-5.7843,-1,-1,3.08210199196988,2.4236,2.03027,2.5252,0.654484,442800000,442802040,0.631,350,184.557449,-5.78436
1539853570.442073,"/data01/ANALYSIS3.local/ASTRI/DREVT3_ASTRI_O1/ctools-lc_LC-from-start/T442800000_442802050/T442800000_442802050_E0.631_350_P184.557449_-5.78436",NULL,42788,"Crab-1",184.557,-5.7843,-1,-1,3.16797300709637,2.45669,2.00699,2.53994,0.670418,442800000,442802050,0.631,350,184.557449,-5.78436
1539853575.6386824,"/data01/ANALYSIS3.local/ASTRI/DREVT3_ASTRI_O1/ctools-lc_LC-from-start/T442800000_442802060/T442800000_442802060_E0.631_350_P184.557449_-5.78436",NULL,42789,"Crab-1",184.557,-5.7843,-1,-1,3.16510676642541,2.37342,1.9383,2.54228,0.694901,442800000,442802060,0.631,350,184.557449,-5.78436
1539853580.5711405,"/data01/ANALYSIS3.local/ASTRI/DREVT3_ASTRI_O1/ctools-lc_LC-from-start/T442800000_442802070/T442800000_442802070_E0.631_350_P184.557449_-5.78436",NULL,42790,"Crab-1",184.557,-5.7843,-1,-1,3.69720135412032,2.8264,2.01022,2.6239,0.721264,442800000,442802070,0.631,350,184.557449,-5.78436
1539853585.4135582,"/data01/ANALYSIS3.local/ASTRI/DREVT3_ASTRI_O1/ctools-lc_LC-from-start/T442800000_442802080/T442800000_442802080_E0.631_350_P184.557449_-5.78436",NULL,42791,"Crab-1",184.557,-5.7843,-1,-1,3.60818138392749,2.80402,2.04181,2.61027,0.702516,442800000,442802080,0.631,350,184.557449,-5.78436
1539853590.133799,"/data01/ANALYSIS3.local/ASTRI/DREVT3_ASTRI_O1/ctools-lc_LC-from-start/T442800000_442802090/T442800000_442802090_E0.631_350_P184.557449_-5.78436",NULL,42792,"Crab-1",184.557,-5.7843,-1,-1,3.63411979890515,2.75156,1.99073,2.61656,0.725354,442800000,442802090,0.631,350,184.557449,-5.78436
1539853595.7590487,"/data01/ANALYSIS3.local/ASTRI/DREVT3_ASTRI_O1/ctools-lc_LC-from-start/T442800000_442802100/T442800000_442802100_E0.631_350_P184.557449_-5.78436",NULL,42793,"Crab-1",184.557,-5.7843,-1,-1,4.07462060445872,3.36713,2.22733,2.67292,0.691132,442800000,442802100,0.631,350,184.557449,-5.78436
1539853600.9294589,"/data01/ANALYSIS3.local/ASTRI/DREVT3_ASTRI_O1/ctools-lc_LC-from-start/T442800000_442802110/T442800000_442802110_E0.631_350_P184.557449_-5.78436",NULL,42794,"Crab-1",184.557,-5.7843,-1,-1,3.69050221445117,3.14266,2.27486,2.62098,0.649297,442800000,442802110,0.631,350,184.557449,-5.78436
1539853606.0860672,"/data01/ANALYSIS3.local/ASTRI/DREVT3_ASTRI_O1/ctools-lc_LC-from-start/T442800000_442802120/T442800000_442802120_E0.631_350_P184.557449_-5.78436",NULL,42795,"Crab-1",184.557,-5.7843,-1,-1,3.70108437951929,3.09909,2.23719,2.6247,0.662367,442800000,442802120,0.631,350,184.557449,-5.78436
1539853613.132287,"/data01/ANALYSIS3.local/ASTRI/DREVT3_ASTRI_O1/ctools-lc_LC-from-start/T442800000_442802130/T442800000_442802130_E0.631_350_P184.557449_-5.78436",NULL,42796,"Crab-1",184.557,-5.7843,-1,-1,3.45554319590048,2.95686,2.25455,2.59016,0.632305,442800000,442802130,0.631,350,184.557449,-5.78436
1539853618.0103629,"/data01/ANALYSIS3.local/ASTRI/DREVT3_ASTRI_O1/ctools-lc_LC-from-start/T442800000_442802140/T442800000_442802140_E0.631_350_P184.557449_-5.78436",NULL,42797,"Crab-1",184.557,-5.7843,-1,-1,3.46016801177956,2.9203,2.22374,2.59305,0.642735,442800000,442802140,0.631,350,184.557449,-5.78436
1539853623.598311,"/data01/ANALYSIS3.local/ASTRI/DREVT3_ASTRI_O1/ctools-lc_LC-from-start/T442800000_442802150/T442800000_442802150_E0.631_350_P184.557449_-5.78436",NULL,42798,"Crab-1",184.557,-5.7843,-1,-1,3.53002214236633,2.92034,2.18563,2.6055,0.66117,442800000,442802150,0.631,350,184.557449,-5.78436
1539853629.2870336,"/data01/ANALYSIS3.local/ASTRI/DREVT3_ASTRI_O1/ctools-lc_LC-from-start/T442800000_442802160/T442800000_442802160_E0.631_350_P184.557449_-5.78436",NULL,42799,"Crab-1",184.557,-5.7843,-1,-1,3.55650957105844,2.8681,2.1312,2.61205,0.681779,442800000,442802160,0.631,350,184.557449,-5.78436
1539853635.5927773,"/data01/ANALYSIS3.local/ASTRI/DREVT3_ASTRI_O1/ctools-lc_LC-from-start/T442800000_442802170/T442800000_442802170_E0.631_350_P184.557449_-5.78436",NULL,42800,"Crab-1",184.557,-5.7843,-1,-1,3.63752404184488,2.92692,2.13378,2.62389,0.687547,442800000,442802170,0.631,350,184.557449,-5.78436
1539853640.9626296,"/data01/ANALYSIS3.local/ASTRI/DREVT3_ASTRI_O1/ctools-lc_LC-from-start/T442800000_442802180/T442800000_442802180_E0.631_350_P184.557449_-5.78436",NULL,42801,"Crab-1",184.557,-5.7843,-1,-1,3.96793441308417,3.3902,2.29761,2.67147,0.670194,442800000,442802180,0.631,350,184.557449,-5.78436
1539853645.730904,"/data01/ANALYSIS3.local/ASTRI/DREVT3_ASTRI_O1/ctools-lc_LC-from-start/T442800000_442802190/T442800000_442802190_E0.631_350_P184.557449_-5.78436",NULL,42802,"Crab-1",184.557,-5.7843,-1,-1,3.71148327205732,3.15549,2.26451,2.63868,0.661291,442800000,442802190,0.631,350,184.557449,-5.78436
1539853650.8180385,"/data01/ANALYSIS3.local/ASTRI/DREVT3_ASTRI_O1/ctools-lc_LC-from-start/T442800000_442802200/T442800000_442802200_E0.631_350_P184.557449_-5.78436",NULL,42803,"Crab-1",184.557,-5.7843,-1,-1,3.76570233901815,3.14985,2.23316,2.64882,0.677131,442800000,442802200,0.631,350,184.557449,-5.78436
1539853656.176581,"/data01/ANALYSIS3.local/ASTRI/DREVT3_ASTRI_O1/ctools-lc_LC-from-start/T442800000_442802210/T442800000_442802210_E0.631_350_P184.557449_-5.78436",NULL,42804,"Crab-1",184.557,-5.7843,-1,-1,3.73817945344109,3.03241,2.1594,2.6479,0.697951,442800000,442802210,0.631,350,184.557449,-5.78436
1539853661.2975752,"/data01/ANALYSIS3.local/ASTRI/DREVT3_ASTRI_O1/ctools-lc_LC-from-start/T442800000_442802220/T442800000_442802220_E0.631_350_P184.557449_-5.78436",NULL,42805,"Crab-1",184.557,-5.7843,-1,-1,3.73966871053067,2.98026,2.12038,2.65055,0.711836,442800000,442802220,0.631,350,184.557449,-5.78436
1539853666.0418427,"/data01/ANALYSIS3.local/ASTRI/DREVT3_ASTRI_O1/ctools-lc_LC-from-start/T442800000_442802230/T442800000_442802230_E0.631_350_P184.557449_-5.78436",NULL,42806,"Crab-1",184.557,-5.7843,-1,-1,3.62549756303841,2.95657,2.16587,2.63284,0.688088,442800000,442802230,0.631,350,184.557449,-5.78436
1539853671.3340104,"/data01/ANALYSIS3.local/ASTRI/DREVT3_ASTRI_O1/ctools-lc_LC-from-start/T442800000_442802240/T442800000_442802240_E0.631_350_P184.557449_-5.78436",NULL,42807,"Crab-1",184.557,-5.7843,-1,-1,3.58252703381946,2.88623,2.13471,2.62807,0.694793,442800000,442802240,0.631,350,184.557449,-5.78436
1539853675.9044862,"/data01/ANALYSIS3.local/ASTRI/DREVT3_ASTRI_O1/ctools-lc_LC-from-start/T442800000_442802250/T442800000_442802250_E0.631_350_P184.557449_-5.78436",NULL,42808,"Crab-1",184.557,-5.7843,-1,-1,3.63090784085216,2.97969,2.18312,2.63374,0.683851,442800000,442802250,0.631,350,184.557449,-5.78436
1539853681.1106746,"/data01/ANALYSIS3.local/ASTRI/DREVT3_ASTRI_O1/ctools-lc_LC-from-start/T442800000_442802260/T442800000_442802260_E0.631_350_P184.557449_-5.78436",NULL,42809,"Crab-1",184.557,-5.7843,-1,-1,4.05646416647717,3.57868,2.4052,2.68569,0.65496,442800000,442802260,0.631,350,184.557449,-5.78436
1539853686.1937413,"/data01/ANALYSIS3.local/ASTRI/DREVT3_ASTRI_O1/ctools-lc_LC-from-start/T442800000_442802270/T442800000_442802270_E0.631_350_P184.557449_-5.78436",NULL,42810,"Crab-1",184.557,-5.7843,-1,-1,3.9648549291137,3.56457,2.44908,2.67349,0.637306,442800000,442802270,0.631,350,184.557449,-5.78436
1539853691.559166,"/data01/ANALYSIS3.local/ASTRI/DREVT3_ASTRI_O1/ctools-lc_LC-from-start/T442800000_442802280/T442800000_442802280_E0.631_350_P184.557449_-5.78436",NULL,42811,"Crab-1",184.557,-5.7843,-1,-1,4.05010145192606,3.60676,2.43619,2.68531,0.647888,442800000,442802280,0.631,350,184.557449,-5.78436
1539853696.064431,"/data01/ANALYSIS3.local/ASTRI/DREVT3_ASTRI_O1/ctools-lc_LC-from-start/T442800000_442802290/T442800000_442802290_E0.631_350_P184.557449_-5.78436",NULL,42812,"Crab-1",184.557,-5.7843,-1,-1,4.01538662681424,3.82578,2.57099,2.68635,0.608763,442800000,442802290,0.631,350,184.557449,-5.78436
1539853701.6499527,"/data01/ANALYSIS3.local/ASTRI/DREVT3_ASTRI_O1/ctools-lc_LC-from-start/T442800000_442802300/T442800000_442802300_E0.631_350_P184.557449_-5.78436",NULL,42813,"Crab-1",184.557,-5.7843,-1,-1,4.25527149167746,4.12876,2.64594,2.71785,0.609894,442800000,442802300,0.631,350,184.557449,-5.78436
1539853706.7395804,"/data01/ANALYSIS3.local/ASTRI/DREVT3_ASTRI_O1/ctools-lc_LC-from-start/T442800000_442802310/T442800000_442802310_E0.631_350_P184.557449_-5.78436",NULL,42814,"Crab-1",184.557,-5.7843,-1,-1,4.06809926496035,3.97544,2.64367,2.69568,0.597574,442800000,442802310,0.631,350,184.557449,-5.78436
1539853712.6234357,"/data01/ANALYSIS3.local/ASTRI/DREVT3_ASTRI_O1/ctools-lc_LC-from-start/T442800000_442802320/T442800000_442802320_E0.631_350_P184.557449_-5.78436",NULL,42815,"Crab-1",184.557,-5.7843,-1,-1,3.79658589485745,3.77769,2.655,2.66018,0.573003,442800000,442802320,0.631,350,184.557449,-5.78436
1539853717.8050659,"/data01/ANALYSIS3.local/ASTRI/DREVT3_ASTRI_O1/ctools-lc_LC-from-start/T442800000_442802330/T442800000_442802330_E0.631_350_P184.557449_-5.78436",NULL,42816,"Crab-1",184.557,-5.7843,-1,-1,3.77937026919068,3.90246,2.76695,2.65583,0.550767,442800000,442802330,0.631,350,184.557449,-5.78436
1539853722.955956,"/data01/ANALYSIS3.local/ASTRI/DREVT3_ASTRI_O1/ctools-lc_LC-from-start/T442800000_442802340/T442800000_442802340_E0.631_350_P184.557449_-5.78436",NULL,42817,"Crab-1",184.557,-5.7843,-1,-1,3.81265926522517,3.83552,2.69778,2.66326,0.568637,442800000,442802340,0.631,350,184.557449,-5.78436
1539853727.6541011,"/data01/ANALYSIS3.local/ASTRI/DREVT3_ASTRI_O1/ctools-lc_LC-from-start/T442800000_442802350/T442800000_442802350_E0.631_350_P184.557449_-5.78436",NULL,42818,"Crab-1",184.557,-5.7843,-1,-1,3.84524908758036,3.81671,2.66627,2.67018,0.579352,442800000,442802350,0.631,350,184.557449,-5.78436
1539853733.118282,"/data01/ANALYSIS3.local/ASTRI/DREVT3_ASTRI_O1/ctools-lc_LC-from-start/T442800000_442802360/T442800000_442802360_E0.631_350_P184.557449_-5.78436",NULL,42819,"Crab-1",184.557,-5.7843,-1,-1,3.5988432261625,3.60136,2.66195,2.63748,0.563375,442800000,442802360,0.631,350,184.557449,-5.78436
1539853738.0338175,"/data01/ANALYSIS3.local/ASTRI/DREVT3_ASTRI_O1/ctools-lc_LC-from-start/T442800000_442802370/T442800000_442802370_E0.631_350_P184.557449_-5.78436",NULL,42820,"Crab-1",184.557,-5.7843,-1,-1,3.63251208079713,3.55742,2.6073,2.64464,0.578744,442800000,442802370,0.631,350,184.557449,-5.78436
1539853743.4168408,"/data01/ANALYSIS3.local/ASTRI/DREVT3_ASTRI_O1/ctools-lc_LC-from-start/T442800000_442802380/T442800000_442802380_E0.631_350_P184.557449_-5.78436",NULL,42821,"Crab-1",184.557,-5.7843,-1,-1,3.69284672398219,3.56688,2.57915,2.65561,0.591469,442800000,442802380,0.631,350,184.557449,-5.78436
1539853747.8557727,"/data01/ANALYSIS3.local/ASTRI/DREVT3_ASTRI_O1/ctools-lc_LC-from-start/T442800000_442802390/T442800000_442802390_E0.631_350_P184.557449_-5.78436",NULL,42822,"Crab-1",184.557,-5.7843,-1,-1,4.08047614239298,4.18936,2.80838,2.70403,0.573927,442800000,442802390,0.631,350,184.557449,-5.78436
1539853753.733307,"/data01/ANALYSIS3.local/ASTRI/DREVT3_ASTRI_O1/ctools-lc_LC-from-start/T442800000_442802400/T442800000_442802400_E0.631_350_P184.557449_-5.78436",NULL,42823,"Crab-1",184.557,-5.7843,-1,-1,4.39492748159671,4.52143,2.84253,2.74598,0.587244,442800000,442802400,0.631,350,184.557449,-5.78436
1539853759.4846475,"/data01/ANALYSIS3.local/ASTRI/DREVT3_ASTRI_O1/ctools-lc_LC-from-start/T442800000_442802410/T442800000_442802410_E0.631_350_P184.557449_-5.78436",NULL,42824,"Crab-1",184.557,-5.7843,-1,-1,4.51104180758015,4.56105,2.80731,2.76173,0.603118,442800000,442802410,0.631,350,184.557449,-5.78436
1539853764.6085093,"/data01/ANALYSIS3.local/ASTRI/DREVT3_ASTRI_O1/ctools-lc_LC-from-start/T442800000_442802420/T442800000_442802420_E0.631_350_P184.557449_-5.78436",NULL,42825,"Crab-1",184.557,-5.7843,-1,-1,4.60369652027526,4.54404,2.75136,2.77535,0.62321,442800000,442802420,0.631,350,184.557449,-5.78436
1539853769.5715084,"/data01/ANALYSIS3.local/ASTRI/DREVT3_ASTRI_O1/ctools-lc_LC-from-start/T442800000_442802430/T442800000_442802430_E0.631_350_P184.557449_-5.78436",NULL,42826,"Crab-1",184.557,-5.7843,-1,-1,4.08892395658324,4.15093,2.75536,2.71645,0.585356,442800000,442802430,0.631,350,184.557449,-5.78436
1539853774.9171968,"/data01/ANALYSIS3.local/ASTRI/DREVT3_ASTRI_O1/ctools-lc_LC-from-start/T442800000_442802440/T442800000_442802440_E0.631_350_P184.557449_-5.78436",NULL,42827,"Crab-1",184.557,-5.7843,-1,-1,4.10078520966317,4.09671,2.7133,2.7203,0.596679,442800000,442802440,0.631,350,184.557449,-5.78436
1539853779.367337,"/data01/ANALYSIS3.local/ASTRI/DREVT3_ASTRI_O1/ctools-lc_LC-from-start/T442800000_442802450/T442800000_442802450_E0.631_350_P184.557449_-5.78436",NULL,42828,"Crab-1",184.557,-5.7843,-1,-1,4.06775935048951,4.11331,2.74791,2.71501,0.587496,442800000,442802450,0.631,350,184.557449,-5.78436
1539853784.9173079,"/data01/ANALYSIS3.local/ASTRI/DREVT3_ASTRI_O1/ctools-lc_LC-from-start/T442800000_442802460/T442800000_442802460_E0.631_350_P184.557449_-5.78436",NULL,42829,"Crab-1",184.557,-5.7843,-1,-1,4.41966876511092,4.44493,2.77453,2.76046,0.60646,442800000,442802460,0.631,350,184.557449,-5.78436
1539853789.7799826,"/data01/ANALYSIS3.local/ASTRI/DREVT3_ASTRI_O1/ctools-lc_LC-from-start/T442800000_442802470/T442800000_442802470_E0.631_350_P184.557449_-5.78436",NULL,42830,"Crab-1",184.557,-5.7843,-1,-1,4.01303191877802,4.15831,2.80696,2.70825,0.569823,442800000,442802470,0.631,350,184.557449,-5.78436
1539853795.1069512,"/data01/ANALYSIS3.local/ASTRI/DREVT3_ASTRI_O1/ctools-lc_LC-from-start/T442800000_442802480/T442800000_442802480_E0.631_350_P184.557449_-5.78436",NULL,42831,"Crab-1",184.557,-5.7843,-1,-1,4.12787774047261,4.49309,2.95008,2.72535,0.54706,442800000,442802480,0.631,350,184.557449,-5.78436
1539853800.2667098,"/data01/ANALYSIS3.local/ASTRI/DREVT3_ASTRI_O1/ctools-lc_LC-from-start/T442800000_442802490/T442800000_442802490_E0.631_350_P184.557449_-5.78436",NULL,42832,"Crab-1",184.557,-5.7843,-1,-1,4.21791797999071,4.56713,2.94737,2.73718,0.553662,442800000,442802490,0.631,350,184.557449,-5.78436
1539853805.1925945,"/data01/ANALYSIS3.local/ASTRI/DREVT3_ASTRI_O1/ctools-lc_LC-from-start/T442800000_442802500/T442800000_442802500_E0.631_350_P184.557449_-5.78436",NULL,42833,"Crab-1",184.557,-5.7843,-1,-1,4.3642717914469,4.66309,2.92626,2.75625,0.567583,442800000,442802500,0.631,350,184.557449,-5.78436
1539853810.4258223,"/data01/ANALYSIS3.local/ASTRI/DREVT3_ASTRI_O1/ctools-lc_LC-from-start/T442800000_442802510/T442800000_442802510_E0.631_350_P184.557449_-5.78436",NULL,42834,"Crab-1",184.557,-5.7843,-1,-1,4.41020156062661,4.60779,2.86548,2.76441,0.583559,442800000,442802510,0.631,350,184.557449,-5.78436
1539853815.5716765,"/data01/ANALYSIS3.local/ASTRI/DREVT3_ASTRI_O1/ctools-lc_LC-from-start/T442800000_442802520/T442800000_442802520_E0.631_350_P184.557449_-5.78436",NULL,42835,"Crab-1",184.557,-5.7843,-1,-1,4.4925866236579,4.6471,2.84939,2.77671,0.593972,442800000,442802520,0.631,350,184.557449,-5.78436
1539853820.5303118,"/data01/ANALYSIS3.local/ASTRI/DREVT3_ASTRI_O1/ctools-lc_LC-from-start/T442800000_442802530/T442800000_442802530_E0.631_350_P184.557449_-5.78436",NULL,42836,"Crab-1",184.557,-5.7843,-1,-1,4.52859300601519,4.59882,2.80107,2.78363,0.607681,442800000,442802530,0.631,350,184.557449,-5.78436
1539853825.6333668,"/data01/ANALYSIS3.local/ASTRI/DREVT3_ASTRI_O1/ctools-lc_LC-from-start/T442800000_442802540/T442800000_442802540_E0.631_350_P184.557449_-5.78436",NULL,42837,"Crab-1",184.557,-5.7843,-1,-1,4.54384071596859,4.56471,2.77399,2.78751,0.616141,442800000,442802540,0.631,350,184.557449,-5.78436
1539853830.8448348,"/data01/ANALYSIS3.local/ASTRI/DREVT3_ASTRI_O1/ctools-lc_LC-from-start/T442800000_442802550/T442800000_442802550_E0.631_350_P184.557449_-5.78436",NULL,42838,"Crab-1",184.557,-5.7843,-1,-1,4.2774414710044,4.46567,2.86059,2.75151,0.580004,442800000,442802550,0.631,350,184.557449,-5.78436
1539853835.3287067,"/data01/ANALYSIS3.local/ASTRI/DREVT3_ASTRI_O1/ctools-lc_LC-from-start/T442800000_442802560/T442800000_442802560_E0.631_350_P184.557449_-5.78436",NULL,42839,"Crab-1",184.557,-5.7843,-1,-1,4.25125289199673,4.63515,2.96344,2.75208,0.554675,442800000,442802560,0.631,350,184.557449,-5.78436
1539853840.0323555,"/data01/ANALYSIS3.local/ASTRI/DREVT3_ASTRI_O1/ctools-lc_LC-from-start/T442800000_442802570/T442800000_442802570_E0.631_350_P184.557449_-5.78436",NULL,42840,"Crab-1",184.557,-5.7843,-1,-1,3.94036519977466,4.62523,3.18748,2.70385,0.498193,442800000,442802570,0.631,350,184.557449,-5.78436
1539853844.4075613,"/data01/ANALYSIS3.local/ASTRI/DREVT3_ASTRI_O1/ctools-lc_LC-from-start/T442800000_442802580/T442800000_442802580_E0.631_350_P184.557449_-5.78436",NULL,42841,"Crab-1",184.557,-5.7843,-1,-1,3.97911881317819,4.67924,3.19609,2.70965,0.499001,442800000,442802580,0.631,350,184.557449,-5.78436
1539853849.2136395,"/data01/ANALYSIS3.local/ASTRI/DREVT3_ASTRI_O1/ctools-lc_LC-from-start/T442800000_442802590/T442800000_442802590_E0.631_350_P184.557449_-5.78436",NULL,42842,"Crab-1",184.557,-5.7843,-1,-1,4.00689571691645,4.6435,3.15357,2.71544,0.508631,442800000,442802590,0.631,350,184.557449,-5.78436
1539853854.3397083,"/data01/ANALYSIS3.local/ASTRI/DREVT3_ASTRI_O1/ctools-lc_LC-from-start/T442800000_442802600/T442800000_442802600_E0.631_350_P184.557449_-5.78436",NULL,42843,"Crab-1",184.557,-5.7843,-1,-1,3.98302823631774,4.59859,3.13751,2.71309,0.509934,442800000,442802600,0.631,350,184.557449,-5.78436
1539853859.4473016,"/data01/ANALYSIS3.local/ASTRI/DREVT3_ASTRI_O1/ctools-lc_LC-from-start/T442800000_442802610/T442800000_442802610_E0.631_350_P184.557449_-5.78436",NULL,42844,"Cra